{"tensor": {"modesName": ["Periodo", "Dia da semana", "Trimestre", "Ano"], "shape": [4, 7, 4, 5], "decomposition": {"uniquePaths": [[0, 3, 0, 2], [1, 2, 0, 0], [1, 2, 0, 2], [3, 0, 0, 1], [1, 2, 1, 2], [1, 1, 1, 1], [1, 2, 1, 1], [0, 3, 0, 1]], "B": [[[0.051794796987480386, 0.07038239985176653, 0.07211643388361043, 0.43250569174793774], [0.19342936396002788, 0.28888209782998936, 0.1527524513363099, 0.09539460816287447], [0.4294822520702825, 0.3410005143365463, 0.2116384797567621, 0.08360110064687877], [0.3252935869822091, 0.2997349879816979, 0.5634926350233175, 0.3884985994423091]], [[0.00014659911158407515, 0.22232717699369284, 0.4562907707148851, 0.013678662129884353], [0.03741962506634573, 0.4261659175024667, 0.008483386126164234, 0.13383591165271982], [0.03365763156049493, 0.23060214663567977, 0.1402067371520466, 0.1880549049366382], [0.042896971583356494, 0.07843599699644237, 0.20587168453341467, 0.2473958761914026], [0.07225057246738258, 0.04246782251007335, 0.03556697898569522, 0.41661353026994286], [0.3894167810346011, 6.215055370840354e-07, 0.15358044243090596, 0.00025403144906389896], [0.4242118191762351, 3.1785610768971323e-07, 5.688842935069151e-11, 0.0001670833703482179]], [[0.4201609184107704, 0.04883039489644309], [0.08385582515780887, 0.43466827869831226], [0.11522023835895313, 0.4057318786261168], [0.38076301807246765, 0.11076944777912769]], [[0.003123767476364041, 0.10531982815936611, 0.5797120635097714], [0.19617944725342942, 0.5357813751663126, 0.01714032076813144], [0.322033014954298, 0.35888416623115615, 0.0944230535825334], [0.4786637703159082, 1.4630443164608599e-05, 0.30872456213956373], [4.2897989285593975e-16, 2.9777914091495947e-16, 7.432199615977448e-18]]], "R": [4, 4, 2, 3], "erro": 0.047732854336290952, "C": [[[0, 0, 0, 0], 0.0], [[0, 0, 0, 1], 0.0], [[0, 0, 0, 2], 0.0], [[0, 0, 1, 0], 0.0], [[0, 0, 1, 1], 0.0], [[0, 0, 1, 2], 0.0], [[0, 1, 0, 0], 6846.3342548713108], [[0, 1, 0, 1], 0.0], [[0, 1, 0, 2], 5967.7561405017723], [[0, 1, 1, 0], 7370.5239329205833], [[0, 1, 1, 1], 0.0], [[0, 1, 1, 2], 7845.5508591082225], [[0, 2, 0, 0], 0.0], [[0, 2, 0, 1], 6900.035744857666], [[0, 2, 0, 2], 0.0], [[0, 2, 1, 0], 0.0], [[0, 2, 1, 1], 0.0], [[0, 2, 1, 2], 0.0], [[0, 3, 0, 0], 6371.375603301949], [[0, 3, 0, 1], 18674.751811412447], [[0, 3, 0, 2], 26897.443125870024], [[0, 3, 1, 0], 15089.046821498257], [[0, 3, 1, 1], 0.0], [[0, 3, 1, 2], 11390.116941086664], [[1, 0, 0, 0], 0.0], [[1, 0, 0, 1], 0.0], [[1, 0, 0, 2], 0.0], [[1, 0, 1, 0], 0.0], [[1, 0, 1, 1], 0.0], [[1, 0, 1, 2], 0.0], [[1, 1, 0, 0], 5296.2659089602694], [[1, 1, 0, 1], 16719.914492234799], [[1, 1, 0, 2], 7180.2196200136177], [[1, 1, 1, 0], 7842.7739928326873], [[1, 1, 1, 1], 6073.0987230520041], [[1, 1, 1, 2], 7255.0845657591408], [[1, 2, 0, 0], 12715.044382187027], [[1, 2, 0, 1], 6985.8947145786024], [[1, 2, 0, 2], 15340.500508236657], [[1, 2, 1, 0], 12911.031024650238], [[1, 2, 1, 1], 10675.199655850638], [[1, 2, 1, 2], 7547.1048820952929], [[1, 3, 0, 0], 10107.588657748467], [[1, 3, 0, 1], 0.0], [[1, 3, 0, 2], 0.0], [[1, 3, 1, 0], 0.0], [[1, 3, 1, 1], 9716.2323328470957], [[1, 3, 1, 2], 0.0], [[2, 0, 0, 0], 10410.14383362266], [[2, 0, 0, 1], 0.0], [[2, 0, 0, 2], 5080.4474897019982], [[2, 0, 1, 0], 10491.782141527716], [[2, 0, 1, 1], 6970.9750716571361], [[2, 0, 1, 2], 8061.4141667906779], [[2, 1, 0, 0], 0.0], [[2, 1, 0, 1], 5306.2591374750609], [[2, 1, 0, 2], 0.0], [[2, 1, 1, 0], 9085.8551725124453], [[2, 1, 1, 1], 0.0], [[2, 1, 1, 2], 0.0], [[2, 2, 0, 0], 0.0], [[2, 2, 0, 1], 0.0], [[2, 2, 0, 2], 0.0], [[2, 2, 1, 0], 5268.572782865549], [[2, 2, 1, 1], 0.0], [[2, 2, 1, 2], 0.0], [[2, 3, 0, 0], 11419.155978242579], [[2, 3, 0, 1], 0.0], [[2, 3, 0, 2], 0.0], [[2, 3, 1, 0], 14341.610750271046], [[2, 3, 1, 1], 9812.0475605875072], [[2, 3, 1, 2], 10971.773439603168], [[3, 0, 0, 0], 9895.9358596428447], [[3, 0, 0, 1], 8136.8539524610815], [[3, 0, 0, 2], 8922.0225225556533], [[3, 0, 1, 0], 8534.1752596024326], [[3, 0, 1, 1], 7484.6196797261291], [[3, 0, 1, 2], 6331.0286120928904], [[3, 1, 0, 0], 0.0], [[3, 1, 0, 1], 0.0], [[3, 1, 0, 2], 0.0], [[3, 1, 1, 0], 0.0], [[3, 1, 1, 1], 0.0], [[3, 1, 1, 2], 0.0], [[3, 2, 0, 0], 0.0], [[3, 2, 0, 1], 0.0], [[3, 2, 0, 2], 0.0], [[3, 2, 1, 0], 0.0], [[3, 2, 1, 1], 0.0], [[3, 2, 1, 2], 0.0], [[3, 3, 0, 0], 0.0], [[3, 3, 0, 1], 0.0], [[3, 3, 0, 2], 0.0], [[3, 3, 1, 0], 0.0], [[3, 3, 1, 1], 0.0], [[3, 3, 1, 2], 0.0]]}, "order": 4, "modesDimensionName": [["madrugada", "manha", "tarde", "noite"], ["segunda", "terca", "quarta", "quinta", "sexta", "sabado", "domingo"], ["Primeiro", "Segundo", "Terceiro", "Quarto"], ["2000", "2001", "2002", "2003", "2004"]]}}