{"tensor": {"modesName": ["Periodo", "Dia da semana", "Trimestre", "Ano"], "shape": [4, 7, 4, 5], "decomposition": {"uniquePaths": [[3, 3, 0, 2], [0, 0, 1, 1], [0, 0, 1, 2], [0, 0, 1, 3], [0, 0, 2, 1], [1, 2, 2, 3], [0, 0, 2, 3], [0, 0, 2, 2], [2, 3, 2, 0], [1, 1, 2, 1], [2, 3, 2, 1], [1, 1, 2, 2], [2, 3, 1, 0], [0, 0, 0, 1], [1, 1, 2, 3], [0, 0, 0, 0], [1, 1, 1, 1], [1, 1, 0, 1], [0, 0, 1, 0], [1, 1, 1, 0], [1, 1, 1, 3], [1, 1, 1, 2], [1, 1, 0, 2]], "B": [[[0.3554844560439759, 0.09393469462260078, 0.02926299365403942, 0.036650467691191554], [0.06801015973191453, 0.2776741201622019, 0.14760942899879853, 0.27063153806115], [0.020704410512883083, 0.33720675081452145, 0.2202441291350972, 0.5971421063714053], [0.5558009737112265, 0.2911844344006758, 0.6028834482120649, 0.09557588787625318]], [[0.002467561411880367, 0.4896102478800326, 0.18361689554628308, 9.311620878743666e-05], [0.025142804434775772, 0.0028270936491256687, 0.5022902175508147, 0.13003276471348396], [0.028157201626732176, 0.1942841813701459, 0.08158876155835172, 0.24741197991726455], [0.04657028352348711, 0.15118908465454683, 0.16592265566303077, 0.22123573578120037], [0.12873805183524756, 0.01510149023972105, 0.031033764033129855, 0.394452235927929], [0.3786676945291553, 0.14203863993648075, 0.01225655699909365, 0.00023592949014605456], [0.39025640263872163, 0.004949262269947146, 0.02329114864929626, 0.006538237961188721]], [[0.7746509075627916, 0.015320123446245185, 0.061589411061555216], [0.14193065726142828, 0.4977848547848272, 0.02916600898106842], [0.007562758024221729, 0.468322125124416, 0.19010347744780084], [0.07585567715155841, 0.018572896644511616, 0.7191411025095755]], [[0.00013703167764590092, 0.053844654187881855, 0.8606255403159436, 0.012399804205117973], [0.03575003819925605, 0.03090408375814754, 0.011026817348911108, 0.8836277877724085], [0.9187381979351318, 0.0012042627829950965, 0.12744792438823133, 0.10325250159239241], [0.045374732187965866, 0.9140469992709755, 0.0008997179469132208, 0.0007199064300808556], [3.988144413082437e-16, 5.4323413751010176e-17, 5.20427404890487e-16, 2.2345921368184915e-16]]], "R": [4, 4, 3, 4], "erro": 0.040108874734305522, "C": [[[0, 0, 0, 0], 4986.2837403776102], [[0, 0, 0, 1], 5985.8821258420821], [[0, 0, 0, 2], 0.0], [[0, 0, 0, 3], 0.0], [[0, 0, 1, 0], 6353.7725260659845], [[0, 0, 1, 1], 7988.4466099551628], [[0, 0, 1, 2], 5599.4410554143224], [[0, 0, 1, 3], 7364.4037928016869], [[0, 0, 2, 0], 0.0], [[0, 0, 2, 1], 5964.5649619641836], [[0, 0, 2, 2], 5474.3708702930462], [[0, 0, 2, 3], 5550.7140309977485], [[0, 1, 0, 0], 0.0], [[0, 1, 0, 1], 0.0], [[0, 1, 0, 2], 0.0], [[0, 1, 0, 3], 0.0], [[0, 1, 1, 0], 0.0], [[0, 1, 1, 1], 0.0], [[0, 1, 1, 2], 0.0], [[0, 1, 1, 3], 0.0], [[0, 1, 2, 0], 0.0], [[0, 1, 2, 1], 0.0], [[0, 1, 2, 2], 0.0], [[0, 1, 2, 3], 0.0], [[0, 2, 0, 0], 0.0], [[0, 2, 0, 1], 0.0], [[0, 2, 0, 2], 0.0], [[0, 2, 0, 3], 0.0], [[0, 2, 1, 0], 0.0], [[0, 2, 1, 1], 0.0], [[0, 2, 1, 2], 0.0], [[0, 2, 1, 3], 0.0], [[0, 2, 2, 0], 0.0], [[0, 2, 2, 1], 0.0], [[0, 2, 2, 2], 0.0], [[0, 2, 2, 3], 0.0], [[0, 3, 0, 0], 0.0], [[0, 3, 0, 1], 0.0], [[0, 3, 0, 2], 0.0], [[0, 3, 0, 3], 0.0], [[0, 3, 1, 0], 0.0], [[0, 3, 1, 1], 0.0], [[0, 3, 1, 2], 0.0], [[0, 3, 1, 3], 0.0], [[0, 3, 2, 0], 0.0], [[0, 3, 2, 1], 0.0], [[0, 3, 2, 2], 0.0], [[0, 3, 2, 3], 0.0], [[1, 0, 0, 0], 0.0], [[1, 0, 0, 1], 0.0], [[1, 0, 0, 2], 0.0], [[1, 0, 0, 3], 0.0], [[1, 0, 1, 0], 0.0], [[1, 0, 1, 1], 0.0], [[1, 0, 1, 2], 0.0], [[1, 0, 1, 3], 0.0], [[1, 0, 2, 0], 0.0], [[1, 0, 2, 1], 0.0], [[1, 0, 2, 2], 0.0], [[1, 0, 2, 3], 0.0], [[1, 1, 0, 0], 0.0], [[1, 1, 0, 1], 9607.8933840302925], [[1, 1, 0, 2], 5117.4338140270256], [[1, 1, 0, 3], 0.0], [[1, 1, 1, 0], 7457.3129346786673], [[1, 1, 1, 1], 9559.0903197250991], [[1, 1, 1, 2], 5397.9713324617942], [[1, 1, 1, 3], 8560.9429127065287], [[1, 1, 2, 0], 0.0], [[1, 1, 2, 1], 7062.4624914193037], [[1, 1, 2, 2], 7376.6314939524436], [[1, 1, 2, 3], 5594.6326678692831], [[1, 2, 0, 0], 0.0], [[1, 2, 0, 1], 0.0], [[1, 2, 0, 2], 0.0], [[1, 2, 0, 3], 0.0], [[1, 2, 1, 0], 0.0], [[1, 2, 1, 1], 6733.6047839082685], [[1, 2, 1, 2], 0.0], [[1, 2, 1, 3], 0.0], [[1, 2, 2, 0], 0.0], [[1, 2, 2, 1], 0.0], [[1, 2, 2, 2], 0.0], [[1, 2, 2, 3], 7713.4290962178848], [[1, 3, 0, 0], 0.0], [[1, 3, 0, 1], 0.0], [[1, 3, 0, 2], 0.0], [[1, 3, 0, 3], 0.0], [[1, 3, 1, 0], 0.0], [[1, 3, 1, 1], 0.0], [[1, 3, 1, 2], 0.0], [[1, 3, 1, 3], 6800.6741922436959], [[1, 3, 2, 0], 0.0], [[1, 3, 2, 1], 0.0], [[1, 3, 2, 2], 0.0], [[1, 3, 2, 3], 0.0], [[2, 0, 0, 0], 0.0], [[2, 0, 0, 1], 0.0], [[2, 0, 0, 2], 0.0], [[2, 0, 0, 3], 0.0], [[2, 0, 1, 0], 0.0], [[2, 0, 1, 1], 0.0], [[2, 0, 1, 2], 0.0], [[2, 0, 1, 3], 0.0], [[2, 0, 2, 0], 0.0], [[2, 0, 2, 1], 0.0], [[2, 0, 2, 2], 0.0], [[2, 0, 2, 3], 0.0], [[2, 1, 0, 0], 0.0], [[2, 1, 0, 1], 0.0], [[2, 1, 0, 2], 0.0], [[2, 1, 0, 3], 0.0], [[2, 1, 1, 0], 0.0], [[2, 1, 1, 1], 0.0], [[2, 1, 1, 2], 0.0], [[2, 1, 1, 3], 0.0], [[2, 1, 2, 0], 0.0], [[2, 1, 2, 1], 0.0], [[2, 1, 2, 2], 0.0], [[2, 1, 2, 3], 0.0], [[2, 2, 0, 0], 0.0], [[2, 2, 0, 1], 0.0], [[2, 2, 0, 2], 0.0], [[2, 2, 0, 3], 0.0], [[2, 2, 1, 0], 0.0], [[2, 2, 1, 1], 5679.2511502999641], [[2, 2, 1, 2], 0.0], [[2, 2, 1, 3], 0.0], [[2, 2, 2, 0], 0.0], [[2, 2, 2, 1], 0.0], [[2, 2, 2, 2], 0.0], [[2, 2, 2, 3], 0.0], [[2, 3, 0, 0], 0.0], [[2, 3, 0, 1], 0.0], [[2, 3, 0, 2], 0.0], [[2, 3, 0, 3], 0.0], [[2, 3, 1, 0], 8491.6793886748019], [[2, 3, 1, 1], 11413.335204685067], [[2, 3, 1, 2], 8052.7828875456144], [[2, 3, 1, 3], 7796.9294205888391], [[2, 3, 2, 0], 5111.6240104081344], [[2, 3, 2, 1], 6991.469737688356], [[2, 3, 2, 2], 5140.9202028693289], [[2, 3, 2, 3], 5692.7647762944734], [[3, 0, 0, 0], 0.0], [[3, 0, 0, 1], 0.0], [[3, 0, 0, 2], 0.0], [[3, 0, 0, 3], 0.0], [[3, 0, 1, 0], 0.0], [[3, 0, 1, 1], 0.0], [[3, 0, 1, 2], 0.0], [[3, 0, 1, 3], 0.0], [[3, 0, 2, 0], 0.0], [[3, 0, 2, 1], 0.0], [[3, 0, 2, 2], 0.0], [[3, 0, 2, 3], 0.0], [[3, 1, 0, 0], 0.0], [[3, 1, 0, 1], 0.0], [[3, 1, 0, 2], 0.0], [[3, 1, 0, 3], 0.0], [[3, 1, 1, 0], 0.0], [[3, 1, 1, 1], 0.0], [[3, 1, 1, 2], 0.0], [[3, 1, 1, 3], 0.0], [[3, 1, 2, 0], 0.0], [[3, 1, 2, 1], 0.0], [[3, 1, 2, 2], 0.0], [[3, 1, 2, 3], 0.0], [[3, 2, 0, 0], 0.0], [[3, 2, 0, 1], 0.0], [[3, 2, 0, 2], 0.0], [[3, 2, 0, 3], 0.0], [[3, 2, 1, 0], 0.0], [[3, 2, 1, 1], 0.0], [[3, 2, 1, 2], 0.0], [[3, 2, 1, 3], 0.0], [[3, 2, 2, 0], 0.0], [[3, 2, 2, 1], 0.0], [[3, 2, 2, 2], 0.0], [[3, 2, 2, 3], 0.0], [[3, 3, 0, 0], 0.0], [[3, 3, 0, 1], 0.0], [[3, 3, 0, 2], 6524.2007081965394], [[3, 3, 0, 3], 0.0], [[3, 3, 1, 0], 0.0], [[3, 3, 1, 1], 6867.8054413803175], [[3, 3, 1, 2], 5118.1280148764927], [[3, 3, 1, 3], 0.0], [[3, 3, 2, 0], 0.0], [[3, 3, 2, 1], 0.0], [[3, 3, 2, 2], 5697.5660195884802], [[3, 3, 2, 3], 4965.2274961273224]]}, "order": 4, "modesDimensionName": [["madrugada", "manha", "tarde", "noite"], ["segunda", "terca", "quarta", "quinta", "sexta", "sabado", "domingo"], ["Primeiro", "Segundo", "Terceiro", "Quarto"], ["2000", "2001", "2002", "2003", "2004"]]}}