{"tensor": {"modesName": ["Periodo", "Dia da semana", "Trimestre", "Ano"], "shape": [4, 7, 4, 5], "decomposition": {"uniquePaths": [[0, 0, 0, 0], [0, 0, 1, 0]], "B": [[[0.27857424179759993, 0.00047246489349347785, 0.30478220469497214], [0.10033586426008997, 0.2230053426329357, 0.24727553288106904], [0.11290949499883916, 0.38077409933415546, 0.24715585929206918], [0.508180398943471, 0.39574809313941534, 0.2007864031318895]], [[0.018041459606421065, 0.06590872073782983, 0.3845603673912618], [0.016382497252828983, 0.20735486984800927, 0.15076210588424738], [0.020757971038794273, 0.21818643418906594, 0.13712801462959034], [0.04293885627215595, 0.21206483982621335, 0.1284978070702052], [0.07133765710770665, 0.2802854520987982, 0.06617903438241493], [0.3962663858586538, 5.927404946076794e-06, 0.13287002000776027], [0.4342751728634392, 0.01619375589513735, 2.6506345201778684e-06]], [[0.011534324735014307, 0.5537085897449776], [0.38049051991939953, 0.08595761075162014], [0.40527802410254093, 0.042411424700257855], [0.2026971312430453, 0.3179223748031444]], [[0.024400410643177512, 0.3778302189514951], [0.1582756162592866, 0.2977401360432287], [0.3287191526617605, 0.20053157257904805], [0.48860482043577536, 0.1238980724262279], [1.158588544279813e-16, 1.8415064093062017e-16]]], "R": [3, 3, 2, 2], "erro": 0.054965488004298638, "C": [[[0, 0, 0, 0], 19845.801150897121], [[0, 0, 0, 1], 24213.890646935666], [[0, 0, 1, 0], 15433.633509925987], [[0, 0, 1, 1], 13913.618943624399], [[0, 1, 0, 0], 16831.853187791869], [[0, 1, 0, 1], 16387.184811554333], [[0, 1, 1, 0], 6881.4891740832973], [[0, 1, 1, 1], 0.0], [[0, 2, 0, 0], 0.0], [[0, 2, 0, 1], 0.0], [[0, 2, 1, 0], 0.0], [[0, 2, 1, 1], 0.0], [[1, 0, 0, 0], 0.0], [[1, 0, 0, 1], 6544.331426013794], [[1, 0, 1, 0], 0.0], [[1, 0, 1, 1], 0.0], [[1, 1, 0, 0], 46290.999625801443], [[1, 1, 0, 1], 54041.592761773922], [[1, 1, 1, 0], 29017.70348258939], [[1, 1, 1, 1], 44458.038586325885], [[1, 2, 0, 0], 25332.218318143488], [[1, 2, 0, 1], 34441.841017017454], [[1, 2, 1, 0], 16957.053537687909], [[1, 2, 1, 1], 21623.278210936038], [[2, 0, 0, 0], 0.0], [[2, 0, 0, 1], 0.0], [[2, 0, 1, 0], 0.0], [[2, 0, 1, 1], 6234.3658181212068], [[2, 1, 0, 0], 0.0], [[2, 1, 0, 1], 0.0], [[2, 1, 1, 0], 0.0], [[2, 1, 1, 1], 15594.601101098666], [[2, 2, 0, 0], 9170.8018352827203], [[2, 2, 0, 1], 14415.638001651929], [[2, 2, 1, 0], 8962.7449704369974], [[2, 2, 1, 1], 14835.986501425536]]}, "order": 4, "modesDimensionName": [["madrugada", "manha", "tarde", "noite"], ["segunda", "terca", "quarta", "quinta", "sexta", "sabado", "domingo"], ["Primeiro", "Segundo", "Terceiro", "Quarto"], ["2000", "2001", "2002", "2003", "2004"]]}}