{"tensor": {"modesName": ["Periodo", "Dia da semana", "Trimestre", "Ano"], "shape": [4, 7, 4, 5], "decomposition": {"uniquePaths": [[3, 3, 0, 2], [0, 0, 1, 2], [2, 1, 1, 2], [3, 3, 1, 0], [3, 3, 1, 1], [3, 2, 0, 2], [2, 1, 1, 1], [3, 3, 0, 1]], "B": [[[0.43250569174793774, 0.07211643388361043, 0.051794796987480386, 0.07038239985176653], [0.09539460816287447, 0.1527524513363099, 0.19342936396002788, 0.28888209782998936], [0.08360110064687877, 0.2116384797567621, 0.4294822520702825, 0.3410005143365463], [0.3884985994423091, 0.5634926350233175, 0.3252935869822091, 0.2997349879816979]], [[0.00014659911158407515, 0.013678662129884353, 0.22232717699369284, 0.4562907707148851], [0.03741962506634573, 0.13383591165271982, 0.4261659175024667, 0.008483386126164234], [0.03365763156049493, 0.1880549049366382, 0.23060214663567977, 0.1402067371520466], [0.042896971583356494, 0.2473958761914026, 0.07843599699644237, 0.20587168453341467], [0.07225057246738258, 0.41661353026994286, 0.04246782251007335, 0.03556697898569522], [0.3894167810346011, 0.00025403144906389896, 6.215055370840354e-07, 0.15358044243090596], [0.4242118191762351, 0.0001670833703482179, 3.1785610768971323e-07, 5.688842935069151e-11]], [[0.04883039489644309, 0.4201609184107704], [0.43466827869831226, 0.08385582515780887], [0.4057318786261168, 0.11522023835895313], [0.11076944777912769, 0.38076301807246765]], [[0.003123767476364041, 0.5797120635097714, 0.10531982815936611], [0.19617944725342942, 0.01714032076813144, 0.5357813751663126], [0.322033014954298, 0.0944230535825334, 0.35888416623115615], [0.4786637703159082, 0.30872456213956373, 1.4630443164608599e-05], [4.2897989285593975e-16, 7.432199615977448e-18, 2.9777914091495947e-16]]], "R": [4, 4, 2, 3], "erro": 0.047732854336290952, "C": [[[0, 0, 0, 0], 8534.1752596024326], [[0, 0, 0, 1], 6331.0286120928904], [[0, 0, 0, 2], 7484.6196797261291], [[0, 0, 1, 0], 9895.9358596428447], [[0, 0, 1, 1], 8922.0225225556533], [[0, 0, 1, 2], 8136.8539524610815], [[0, 1, 0, 0], 0.0], [[0, 1, 0, 1], 0.0], [[0, 1, 0, 2], 0.0], [[0, 1, 1, 0], 0.0], [[0, 1, 1, 1], 0.0], [[0, 1, 1, 2], 0.0], [[0, 2, 0, 0], 0.0], [[0, 2, 0, 1], 0.0], [[0, 2, 0, 2], 0.0], [[0, 2, 1, 0], 0.0], [[0, 2, 1, 1], 0.0], [[0, 2, 1, 2], 0.0], [[0, 3, 0, 0], 0.0], [[0, 3, 0, 1], 0.0], [[0, 3, 0, 2], 0.0], [[0, 3, 1, 0], 0.0], [[0, 3, 1, 1], 0.0], [[0, 3, 1, 2], 0.0], [[1, 0, 0, 0], 10491.782141527716], [[1, 0, 0, 1], 8061.4141667906779], [[1, 0, 0, 2], 6970.9750716571361], [[1, 0, 1, 0], 10410.14383362266], [[1, 0, 1, 1], 5080.4474897019982], [[1, 0, 1, 2], 0.0], [[1, 1, 0, 0], 14341.610750271046], [[1, 1, 0, 1], 10971.773439603168], [[1, 1, 0, 2], 9812.0475605875072], [[1, 1, 1, 0], 11419.155978242579], [[1, 1, 1, 1], 0.0], [[1, 1, 1, 2], 0.0], [[1, 2, 0, 0], 9085.8551725124453], [[1, 2, 0, 1], 0.0], [[1, 2, 0, 2], 0.0], [[1, 2, 1, 0], 0.0], [[1, 2, 1, 1], 0.0], [[1, 2, 1, 2], 5306.2591374750609], [[1, 3, 0, 0], 5268.572782865549], [[1, 3, 0, 1], 0.0], [[1, 3, 0, 2], 0.0], [[1, 3, 1, 0], 0.0], [[1, 3, 1, 1], 0.0], [[1, 3, 1, 2], 0.0], [[2, 0, 0, 0], 0.0], [[2, 0, 0, 1], 0.0], [[2, 0, 0, 2], 0.0], [[2, 0, 1, 0], 0.0], [[2, 0, 1, 1], 0.0], [[2, 0, 1, 2], 0.0], [[2, 1, 0, 0], 15089.046821498257], [[2, 1, 0, 1], 11390.116941086664], [[2, 1, 0, 2], 0.0], [[2, 1, 1, 0], 6371.375603301949], [[2, 1, 1, 1], 26897.443125870024], [[2, 1, 1, 2], 18674.751811412447], [[2, 2, 0, 0], 7370.5239329205833], [[2, 2, 0, 1], 7845.5508591082225], [[2, 2, 0, 2], 0.0], [[2, 2, 1, 0], 6846.3342548713108], [[2, 2, 1, 1], 5967.7561405017723], [[2, 2, 1, 2], 0.0], [[2, 3, 0, 0], 0.0], [[2, 3, 0, 1], 0.0], [[2, 3, 0, 2], 0.0], [[2, 3, 1, 0], 0.0], [[2, 3, 1, 1], 0.0], [[2, 3, 1, 2], 6900.035744857666], [[3, 0, 0, 0], 0.0], [[3, 0, 0, 1], 0.0], [[3, 0, 0, 2], 0.0], [[3, 0, 1, 0], 0.0], [[3, 0, 1, 1], 0.0], [[3, 0, 1, 2], 0.0], [[3, 1, 0, 0], 0.0], [[3, 1, 0, 1], 0.0], [[3, 1, 0, 2], 9716.2323328470957], [[3, 1, 1, 0], 10107.588657748467], [[3, 1, 1, 1], 0.0], [[3, 1, 1, 2], 0.0], [[3, 2, 0, 0], 7842.7739928326873], [[3, 2, 0, 1], 7255.0845657591408], [[3, 2, 0, 2], 6073.0987230520041], [[3, 2, 1, 0], 5296.2659089602694], [[3, 2, 1, 1], 7180.2196200136177], [[3, 2, 1, 2], 16719.914492234799], [[3, 3, 0, 0], 12911.031024650238], [[3, 3, 0, 1], 7547.1048820952929], [[3, 3, 0, 2], 10675.199655850638], [[3, 3, 1, 0], 12715.044382187027], [[3, 3, 1, 1], 15340.500508236657], [[3, 3, 1, 2], 6985.8947145786024]]}, "order": 4, "modesDimensionName": [["madrugada", "manha", "tarde", "noite"], ["segunda", "terca", "quarta", "quinta", "sexta", "sabado", "domingo"], ["Primeiro", "Segundo", "Terceiro", "Quarto"], ["2000", "2001", "2002", "2003", "2004"]]}}