{"tensor": {"modesName": ["Periodo", "Dia da semana", "Trimestre", "Ano"], "shape": [4, 7, 4, 5], "decomposition": {"uniquePaths": [[0, 3, 0, 2], [1, 1, 0, 3], [0, 3, 0, 3], [1, 1, 0, 0], [1, 1, 0, 1], [0, 0, 2, 3], [0, 3, 2, 2], [0, 3, 1, 2], [0, 3, 2, 3], [1, 1, 2, 0], [0, 3, 2, 0], [1, 1, 2, 2], [0, 3, 1, 0], [1, 1, 2, 3], [1, 1, 1, 1], [3, 2, 2, 2], [2, 2, 1, 0], [3, 2, 2, 1], [3, 2, 0, 1], [1, 1, 1, 2], [0, 3, 0, 0], [0, 3, 0, 1], [1, 1, 0, 2]], "B": [[[0.09393469462260078, 0.3554844560439759, 0.036650467691191554, 0.02926299365403942], [0.2776741201622019, 0.06801015973191453, 0.27063153806115, 0.14760942899879853], [0.33720675081452145, 0.020704410512883083, 0.5971421063714053, 0.2202441291350972], [0.2911844344006758, 0.5558009737112265, 0.09557588787625318, 0.6028834482120649]], [[0.18361689554628308, 0.002467561411880367, 9.311620878743666e-05, 0.4896102478800326], [0.5022902175508147, 0.025142804434775772, 0.13003276471348396, 0.0028270936491256687], [0.08158876155835172, 0.028157201626732176, 0.24741197991726455, 0.1942841813701459], [0.16592265566303077, 0.04657028352348711, 0.22123573578120037, 0.15118908465454683], [0.031033764033129855, 0.12873805183524756, 0.394452235927929, 0.01510149023972105], [0.01225655699909365, 0.3786676945291553, 0.00023592949014605456, 0.14203863993648075], [0.02329114864929626, 0.39025640263872163, 0.006538237961188721, 0.004949262269947146]], [[0.015320123446245185, 0.7746509075627916, 0.061589411061555216], [0.4977848547848272, 0.14193065726142828, 0.02916600898106842], [0.468322125124416, 0.007562758024221729, 0.19010347744780084], [0.018572896644511616, 0.07585567715155841, 0.7191411025095755]], [[0.8606255403159436, 0.00013703167764590092, 0.053844654187881855, 0.012399804205117973], [0.011026817348911108, 0.03575003819925605, 0.03090408375814754, 0.8836277877724085], [0.12744792438823133, 0.9187381979351318, 0.0012042627829950965, 0.10325250159239241], [0.0008997179469132208, 0.045374732187965866, 0.9140469992709755, 0.0007199064300808556], [5.20427404890487e-16, 3.988144413082437e-16, 5.4323413751010176e-17, 2.2345921368184915e-16]]], "R": [4, 4, 3, 4], "erro": 0.040108874734305522, "C": [[[0, 0, 0, 0], 0.0], [[0, 0, 0, 1], 0.0], [[0, 0, 0, 2], 6733.6047839082685], [[0, 0, 0, 3], 0.0], [[0, 0, 1, 0], 0.0], [[0, 0, 1, 1], 0.0], [[0, 0, 1, 2], 0.0], [[0, 0, 1, 3], 0.0], [[0, 0, 2, 0], 0.0], [[0, 0, 2, 1], 0.0], [[0, 0, 2, 2], 0.0], [[0, 0, 2, 3], 7713.4290962178848], [[0, 1, 0, 0], 0.0], [[0, 1, 0, 1], 0.0], [[0, 1, 0, 2], 0.0], [[0, 1, 0, 3], 0.0], [[0, 1, 1, 0], 0.0], [[0, 1, 1, 1], 0.0], [[0, 1, 1, 2], 0.0], [[0, 1, 1, 3], 0.0], [[0, 1, 2, 0], 0.0], [[0, 1, 2, 1], 0.0], [[0, 1, 2, 2], 0.0], [[0, 1, 2, 3], 0.0], [[0, 2, 0, 0], 0.0], [[0, 2, 0, 1], 0.0], [[0, 2, 0, 2], 0.0], [[0, 2, 0, 3], 6800.6741922436959], [[0, 2, 1, 0], 0.0], [[0, 2, 1, 1], 0.0], [[0, 2, 1, 2], 0.0], [[0, 2, 1, 3], 0.0], [[0, 2, 2, 0], 0.0], [[0, 2, 2, 1], 0.0], [[0, 2, 2, 2], 0.0], [[0, 2, 2, 3], 0.0], [[0, 3, 0, 0], 5397.9713324617942], [[0, 3, 0, 1], 7457.3129346786673], [[0, 3, 0, 2], 9559.0903197250991], [[0, 3, 0, 3], 8560.9429127065287], [[0, 3, 1, 0], 5117.4338140270256], [[0, 3, 1, 1], 0.0], [[0, 3, 1, 2], 9607.8933840302925], [[0, 3, 1, 3], 0.0], [[0, 3, 2, 0], 7376.6314939524436], [[0, 3, 2, 1], 0.0], [[0, 3, 2, 2], 7062.4624914193037], [[0, 3, 2, 3], 5594.6326678692831], [[1, 0, 0, 0], 0.0], [[1, 0, 0, 1], 0.0], [[1, 0, 0, 2], 0.0], [[1, 0, 0, 3], 0.0], [[1, 0, 1, 0], 0.0], [[1, 0, 1, 1], 0.0], [[1, 0, 1, 2], 0.0], [[1, 0, 1, 3], 0.0], [[1, 0, 2, 0], 0.0], [[1, 0, 2, 1], 0.0], [[1, 0, 2, 2], 0.0], [[1, 0, 2, 3], 0.0], [[1, 1, 0, 0], 5599.4410554143224], [[1, 1, 0, 1], 6353.7725260659845], [[1, 1, 0, 2], 7988.4466099551628], [[1, 1, 0, 3], 7364.4037928016869], [[1, 1, 1, 0], 0.0], [[1, 1, 1, 1], 4986.2837403776102], [[1, 1, 1, 2], 5985.8821258420821], [[1, 1, 1, 3], 0.0], [[1, 1, 2, 0], 5474.3708702930462], [[1, 1, 2, 1], 0.0], [[1, 1, 2, 2], 5964.5649619641836], [[1, 1, 2, 3], 5550.7140309977485], [[1, 2, 0, 0], 0.0], [[1, 2, 0, 1], 0.0], [[1, 2, 0, 2], 0.0], [[1, 2, 0, 3], 0.0], [[1, 2, 1, 0], 0.0], [[1, 2, 1, 1], 0.0], [[1, 2, 1, 2], 0.0], [[1, 2, 1, 3], 0.0], [[1, 2, 2, 0], 0.0], [[1, 2, 2, 1], 0.0], [[1, 2, 2, 2], 0.0], [[1, 2, 2, 3], 0.0], [[1, 3, 0, 0], 0.0], [[1, 3, 0, 1], 0.0], [[1, 3, 0, 2], 0.0], [[1, 3, 0, 3], 0.0], [[1, 3, 1, 0], 0.0], [[1, 3, 1, 1], 0.0], [[1, 3, 1, 2], 0.0], [[1, 3, 1, 3], 0.0], [[1, 3, 2, 0], 0.0], [[1, 3, 2, 1], 0.0], [[1, 3, 2, 2], 0.0], [[1, 3, 2, 3], 0.0], [[2, 0, 0, 0], 0.0], [[2, 0, 0, 1], 0.0], [[2, 0, 0, 2], 0.0], [[2, 0, 0, 3], 0.0], [[2, 0, 1, 0], 0.0], [[2, 0, 1, 1], 0.0], [[2, 0, 1, 2], 0.0], [[2, 0, 1, 3], 0.0], [[2, 0, 2, 0], 0.0], [[2, 0, 2, 1], 0.0], [[2, 0, 2, 2], 0.0], [[2, 0, 2, 3], 0.0], [[2, 1, 0, 0], 0.0], [[2, 1, 0, 1], 0.0], [[2, 1, 0, 2], 0.0], [[2, 1, 0, 3], 0.0], [[2, 1, 1, 0], 0.0], [[2, 1, 1, 1], 0.0], [[2, 1, 1, 2], 0.0], [[2, 1, 1, 3], 0.0], [[2, 1, 2, 0], 0.0], [[2, 1, 2, 1], 0.0], [[2, 1, 2, 2], 0.0], [[2, 1, 2, 3], 0.0], [[2, 2, 0, 0], 5118.1280148764927], [[2, 2, 0, 1], 0.0], [[2, 2, 0, 2], 6867.8054413803175], [[2, 2, 0, 3], 0.0], [[2, 2, 1, 0], 6524.2007081965394], [[2, 2, 1, 1], 0.0], [[2, 2, 1, 2], 0.0], [[2, 2, 1, 3], 0.0], [[2, 2, 2, 0], 5697.5660195884802], [[2, 2, 2, 1], 0.0], [[2, 2, 2, 2], 0.0], [[2, 2, 2, 3], 4965.2274961273224], [[2, 3, 0, 0], 0.0], [[2, 3, 0, 1], 0.0], [[2, 3, 0, 2], 0.0], [[2, 3, 0, 3], 0.0], [[2, 3, 1, 0], 0.0], [[2, 3, 1, 1], 0.0], [[2, 3, 1, 2], 0.0], [[2, 3, 1, 3], 0.0], [[2, 3, 2, 0], 0.0], [[2, 3, 2, 1], 0.0], [[2, 3, 2, 2], 0.0], [[2, 3, 2, 3], 0.0], [[3, 0, 0, 0], 0.0], [[3, 0, 0, 1], 0.0], [[3, 0, 0, 2], 5679.2511502999641], [[3, 0, 0, 3], 0.0], [[3, 0, 1, 0], 0.0], [[3, 0, 1, 1], 0.0], [[3, 0, 1, 2], 0.0], [[3, 0, 1, 3], 0.0], [[3, 0, 2, 0], 0.0], [[3, 0, 2, 1], 0.0], [[3, 0, 2, 2], 0.0], [[3, 0, 2, 3], 0.0], [[3, 1, 0, 0], 0.0], [[3, 1, 0, 1], 0.0], [[3, 1, 0, 2], 0.0], [[3, 1, 0, 3], 0.0], [[3, 1, 1, 0], 0.0], [[3, 1, 1, 1], 0.0], [[3, 1, 1, 2], 0.0], [[3, 1, 1, 3], 0.0], [[3, 1, 2, 0], 0.0], [[3, 1, 2, 1], 0.0], [[3, 1, 2, 2], 0.0], [[3, 1, 2, 3], 0.0], [[3, 2, 0, 0], 8052.7828875456144], [[3, 2, 0, 1], 8491.6793886748019], [[3, 2, 0, 2], 11413.335204685067], [[3, 2, 0, 3], 7796.9294205888391], [[3, 2, 1, 0], 0.0], [[3, 2, 1, 1], 0.0], [[3, 2, 1, 2], 0.0], [[3, 2, 1, 3], 0.0], [[3, 2, 2, 0], 5140.9202028693289], [[3, 2, 2, 1], 5111.6240104081344], [[3, 2, 2, 2], 6991.469737688356], [[3, 2, 2, 3], 5692.7647762944734], [[3, 3, 0, 0], 0.0], [[3, 3, 0, 1], 0.0], [[3, 3, 0, 2], 0.0], [[3, 3, 0, 3], 0.0], [[3, 3, 1, 0], 0.0], [[3, 3, 1, 1], 0.0], [[3, 3, 1, 2], 0.0], [[3, 3, 1, 3], 0.0], [[3, 3, 2, 0], 0.0], [[3, 3, 2, 1], 0.0], [[3, 3, 2, 2], 0.0], [[3, 3, 2, 3], 0.0]]}, "order": 4, "modesDimensionName": [["madrugada", "manha", "tarde", "noite"], ["segunda", "terca", "quarta", "quinta", "sexta", "sabado", "domingo"], ["Primeiro", "Segundo", "Terceiro", "Quarto"], ["2000", "2001", "2002", "2003", "2004"]]}}