{"tensor": {"modesName": ["Periodo", "Dia da semana", "M\u00eas", "Ano"], "shape": [4, 7, 12, 4], "decomposition": {"uniquePaths": [[2, 2, 1, 0], [2, 0, 1, 1], [0, 1, 2, 2], [2, 3, 3, 2], [2, 4, 2, 1], [2, 2, 4, 2], [2, 2, 2, 1], [2, 3, 3, 1], [2, 4, 5, 1], [2, 3, 1, 1], [2, 4, 4, 2], [2, 4, 3, 0], [2, 2, 3, 1]], "B": [[[0.3465634935121261, 7.681810864758234e-05, 0.10274846127113006], [0.1467207839250631, 0.35539589267075555, 0.12117046458085799], [0.14807533367985506, 0.5596799931199303, 0.18920367866464544], [0.3586403888829557, 0.0848472961006665, 0.5868773954833665]], [[0.3891403959361303, 0.09655701859419866, 0.1703200028734167, 0.0288931127370003, 0.14741840271032355], [0.16706869164822016, 0.0011303788768145784, 0.07798239643847546, 0.1817879412456859, 0.35402331408050114], [0.16263190819768902, 0.0017263220788161669, 0.09993901055520592, 0.3041410090890267, 0.1792219854055214], [0.15248497144796477, 0.024816389127098073, 0.18101626504965246, 0.2960159897087284, 0.07381902522250361], [0.04202135665879024, 0.015704956628078796, 0.41724024347925537, 0.16795081730493452, 0.20047461145342235], [0.08665197199137666, 0.43412258338304394, 0.05311523618753362, 0.018998664220946225, 0.0025132353115851283], [7.041198288788249e-07, 0.42594235131194985, 0.0003868454164605145, 0.002212465693678028, 0.04252942581614298]], [[0.3140204287179094, 0.14249826219790926, 2.3055422827427045e-07, 0.0037685110733853056, 0.01565449700305432, 0.05221184299823445], [0.19499254516402523, 1.109250481562015e-14, 0.04205388786005597, 0.10993377716881265, 0.06096720670671585, 0.06913934127597543], [0.18855545148447347, 0.09234097701372153, 0.1870078127143811, 0.0005717544431775968, 2.139428609692368e-05, 0.025331990136631007], [6.808910987833851e-08, 0.05092479236163331, 0.028287978742851782, 2.3732021443449594e-09, 0.3399492775632029, 0.13730642505296803], [0.00023285118874280433, 0.015637282272791948, 0.12487703854606158, 0.21562466249126108, 0.10324772187976916, 0.0035590868636084494], [0.006049294943851177, 0.20939968828321004, 0.12076099414725038, 0.05862693070031724, 2.1471616248453267e-09, 0.08045232948849718], [0.0035578159598096985, 0.21788219190857594, 0.04718494595092644, 0.02689812485724186, 0.19178898978441994, 5.38571858146251e-05], [0.0045773938543061474, 0.004949898837446969, 0.1956026271953621, 0.17938101153818448, 0.03955510761913314, 0.008911719654145054], [6.9775295782952616e-12, 0.07600705242748798, 0.07275898088477563, 0.1318357168977607, 2.1817569898277945e-06, 0.2551255842470777], [0.055703472367499514, 0.13298670628326897, 2.7794694499816273e-12, 0.23628543854545528, 0.08276448328562942, 6.46285011316393e-07], [0.14996524370078212, 0.05737241223005027, 0.12524840185679295, 0.03707328349060187, 0.11797385259304134, 1.1198587170152882e-07], [0.082345434522513, 7.361838928780873e-07, 0.0562171015445342, 7.864205998075734e-07, 0.048075285374785594, 0.3679070648261649]], [[0.6193111204359831, 0.10072169794933752, 8.861497049899738e-11], [0.34504649496432777, 3.739841492397751e-12, 0.40756400281486443], [3.14094083626778e-14, 0.15760209559730623, 0.5916514128688347], [0.03564238459965769, 0.7416762064496164, 0.0007845842276858064]]], "R": [3, 5, 6, 3], "erro": 0.085954747094817319, "C": [[[0, 0, 0, 0], 0.0], [[0, 0, 0, 1], 0.0], [[0, 0, 0, 2], 0.0], [[0, 0, 1, 0], 0.0], [[0, 0, 1, 1], 0.0], [[0, 0, 1, 2], 0.0], [[0, 0, 2, 0], 0.0], [[0, 0, 2, 1], 0.0], [[0, 0, 2, 2], 0.0], [[0, 0, 3, 0], 0.0], [[0, 0, 3, 1], 0.0], [[0, 0, 3, 2], 0.0], [[0, 0, 4, 0], 0.0], [[0, 0, 4, 1], 0.0], [[0, 0, 4, 2], 0.0], [[0, 0, 5, 0], 0.0], [[0, 0, 5, 1], 0.0], [[0, 0, 5, 2], 0.0], [[0, 1, 0, 0], 0.0], [[0, 1, 0, 1], 0.0], [[0, 1, 0, 2], 0.0], [[0, 1, 1, 0], 0.0], [[0, 1, 1, 1], 0.0], [[0, 1, 1, 2], 0.0], [[0, 1, 2, 0], 0.0], [[0, 1, 2, 1], 5884.6030531440638], [[0, 1, 2, 2], 5481.8300430795362], [[0, 1, 3, 0], 0.0], [[0, 1, 3, 1], 0.0], [[0, 1, 3, 2], 0.0], [[0, 1, 4, 0], 0.0], [[0, 1, 4, 1], 0.0], [[0, 1, 4, 2], 0.0], [[0, 1, 5, 0], 0.0], [[0, 1, 5, 1], 0.0], [[0, 1, 5, 2], 0.0], [[0, 2, 0, 0], 0.0], [[0, 2, 0, 1], 0.0], [[0, 2, 0, 2], 0.0], [[0, 2, 1, 0], 0.0], [[0, 2, 1, 1], 0.0], [[0, 2, 1, 2], 0.0], [[0, 2, 2, 0], 0.0], [[0, 2, 2, 1], 0.0], [[0, 2, 2, 2], 0.0], [[0, 2, 3, 0], 0.0], [[0, 2, 3, 1], 0.0], [[0, 2, 3, 2], 0.0], [[0, 2, 4, 0], 0.0], [[0, 2, 4, 1], 0.0], [[0, 2, 4, 2], 0.0], [[0, 2, 5, 0], 0.0], [[0, 2, 5, 1], 0.0], [[0, 2, 5, 2], 0.0], [[0, 3, 0, 0], 0.0], [[0, 3, 0, 1], 0.0], [[0, 3, 0, 2], 0.0], [[0, 3, 1, 0], 0.0], [[0, 3, 1, 1], 0.0], [[0, 3, 1, 2], 0.0], [[0, 3, 2, 0], 0.0], [[0, 3, 2, 1], 0.0], [[0, 3, 2, 2], 0.0], [[0, 3, 3, 0], 0.0], [[0, 3, 3, 1], 0.0], [[0, 3, 3, 2], 0.0], [[0, 3, 4, 0], 0.0], [[0, 3, 4, 1], 0.0], [[0, 3, 4, 2], 0.0], [[0, 3, 5, 0], 0.0], [[0, 3, 5, 1], 0.0], [[0, 3, 5, 2], 0.0], [[0, 4, 0, 0], 0.0], [[0, 4, 0, 1], 0.0], [[0, 4, 0, 2], 0.0], [[0, 4, 1, 0], 0.0], [[0, 4, 1, 1], 0.0], [[0, 4, 1, 2], 0.0], [[0, 4, 2, 0], 0.0], [[0, 4, 2, 1], 0.0], [[0, 4, 2, 2], 0.0], [[0, 4, 3, 0], 0.0], [[0, 4, 3, 1], 0.0], [[0, 4, 3, 2], 0.0], [[0, 4, 4, 0], 0.0], [[0, 4, 4, 1], 0.0], [[0, 4, 4, 2], 0.0], [[0, 4, 5, 0], 0.0], [[0, 4, 5, 1], 0.0], [[0, 4, 5, 2], 0.0], [[1, 0, 0, 0], 0.0], [[1, 0, 0, 1], 0.0], [[1, 0, 0, 2], 0.0], [[1, 0, 1, 0], 0.0], [[1, 0, 1, 1], 0.0], [[1, 0, 1, 2], 0.0], [[1, 0, 2, 0], 0.0], [[1, 0, 2, 1], 0.0], [[1, 0, 2, 2], 0.0], [[1, 0, 3, 0], 0.0], [[1, 0, 3, 1], 0.0], [[1, 0, 3, 2], 0.0], [[1, 0, 4, 0], 0.0], [[1, 0, 4, 1], 0.0], [[1, 0, 4, 2], 0.0], [[1, 0, 5, 0], 0.0], [[1, 0, 5, 1], 0.0], [[1, 0, 5, 2], 0.0], [[1, 1, 0, 0], 0.0], [[1, 1, 0, 1], 0.0], [[1, 1, 0, 2], 0.0], [[1, 1, 1, 0], 0.0], [[1, 1, 1, 1], 0.0], [[1, 1, 1, 2], 0.0], [[1, 1, 2, 0], 0.0], [[1, 1, 2, 1], 0.0], [[1, 1, 2, 2], 0.0], [[1, 1, 3, 0], 0.0], [[1, 1, 3, 1], 0.0], [[1, 1, 3, 2], 0.0], [[1, 1, 4, 0], 0.0], [[1, 1, 4, 1], 0.0], [[1, 1, 4, 2], 0.0], [[1, 1, 5, 0], 0.0], [[1, 1, 5, 1], 0.0], [[1, 1, 5, 2], 0.0], [[1, 2, 0, 0], 0.0], [[1, 2, 0, 1], 0.0], [[1, 2, 0, 2], 0.0], [[1, 2, 1, 0], 0.0], [[1, 2, 1, 1], 0.0], [[1, 2, 1, 2], 0.0], [[1, 2, 2, 0], 0.0], [[1, 2, 2, 1], 0.0], [[1, 2, 2, 2], 6002.1641059012209], [[1, 2, 3, 0], 0.0], [[1, 2, 3, 1], 0.0], [[1, 2, 3, 2], 0.0], [[1, 2, 4, 0], 0.0], [[1, 2, 4, 1], 0.0], [[1, 2, 4, 2], 0.0], [[1, 2, 5, 0], 0.0], [[1, 2, 5, 1], 0.0], [[1, 2, 5, 2], 0.0], [[1, 3, 0, 0], 0.0], [[1, 3, 0, 1], 0.0], [[1, 3, 0, 2], 0.0], [[1, 3, 1, 0], 0.0], [[1, 3, 1, 1], 0.0], [[1, 3, 1, 2], 0.0], [[1, 3, 2, 0], 5270.2024334659227], [[1, 3, 2, 1], 0.0], [[1, 3, 2, 2], 0.0], [[1, 3, 3, 0], 0.0], [[1, 3, 3, 1], 0.0], [[1, 3, 3, 2], 0.0], [[1, 3, 4, 0], 0.0], [[1, 3, 4, 1], 5346.437014293042], [[1, 3, 4, 2], 0.0], [[1, 3, 5, 0], 0.0], [[1, 3, 5, 1], 0.0], [[1, 3, 5, 2], 0.0], [[1, 4, 0, 0], 0.0], [[1, 4, 0, 1], 0.0], [[1, 4, 0, 2], 0.0], [[1, 4, 1, 0], 0.0], [[1, 4, 1, 1], 0.0], [[1, 4, 1, 2], 0.0], [[1, 4, 2, 0], 0.0], [[1, 4, 2, 1], 0.0], [[1, 4, 2, 2], 0.0], [[1, 4, 3, 0], 0.0], [[1, 4, 3, 1], 0.0], [[1, 4, 3, 2], 0.0], [[1, 4, 4, 0], 0.0], [[1, 4, 4, 1], 0.0], [[1, 4, 4, 2], 0.0], [[1, 4, 5, 0], 0.0], [[1, 4, 5, 1], 0.0], [[1, 4, 5, 2], 0.0], [[2, 0, 0, 0], 0.0], [[2, 0, 0, 1], 0.0], [[2, 0, 0, 2], 0.0], [[2, 0, 1, 0], 0.0], [[2, 0, 1, 1], 5853.3845240482897], [[2, 0, 1, 2], 0.0], [[2, 0, 2, 0], 0.0], [[2, 0, 2, 1], 0.0], [[2, 0, 2, 2], 0.0], [[2, 0, 3, 0], 0.0], [[2, 0, 3, 1], 0.0], [[2, 0, 3, 2], 0.0], [[2, 0, 4, 0], 0.0], [[2, 0, 4, 1], 0.0], [[2, 0, 4, 2], 0.0], [[2, 0, 5, 0], 0.0], [[2, 0, 5, 1], 0.0], [[2, 0, 5, 2], 0.0], [[2, 1, 0, 0], 0.0], [[2, 1, 0, 1], 0.0], [[2, 1, 0, 2], 0.0], [[2, 1, 1, 0], 0.0], [[2, 1, 1, 1], 0.0], [[2, 1, 1, 2], 0.0], [[2, 1, 2, 0], 0.0], [[2, 1, 2, 1], 6522.6321698964812], [[2, 1, 2, 2], 0.0], [[2, 1, 3, 0], 0.0], [[2, 1, 3, 1], 0.0], [[2, 1, 3, 2], 0.0], [[2, 1, 4, 0], 0.0], [[2, 1, 4, 1], 0.0], [[2, 1, 4, 2], 0.0], [[2, 1, 5, 0], 0.0], [[2, 1, 5, 1], 0.0], [[2, 1, 5, 2], 0.0], [[2, 2, 0, 0], 0.0], [[2, 2, 0, 1], 0.0], [[2, 2, 0, 2], 0.0], [[2, 2, 1, 0], 7081.0183050261403], [[2, 2, 1, 1], 0.0],