{"tensor": {"modesName": ["Periodo", "Dia da semana", "M\u00eas", "Ano"], "shape": [4, 7, 12, 4], "decomposition": {"uniquePaths": [[0, 0, 1, 1], [1, 2, 1, 0], [1, 2, 0, 0], [1, 1, 0, 0], [1, 2, 1, 1], [1, 1, 1, 1], [1, 2, 2, 1], [1, 1, 2, 0], [1, 2, 0, 1], [1, 2, 2, 0]], "B": [[[0.37489067101254064, 0.041973503323833115], [0.06245021756077682, 0.23504921603459503], [0.017511058716357667, 0.3728098015885991], [0.545148052710325, 0.35016747905297285]], [[0.0875814865967472, 0.02776881873637449, 0.27834453699610967], [0.07871042156584619, 0.05756846593750158, 0.2569123063949955], [0.06576853035500028, 0.19696941341506138, 0.18749156227232192], [0.07184623548454815, 0.2834188599956597, 0.13016154362705343], [0.10319529346095407, 0.3386992218595463, 0.1237007361340308], [0.28764587188305596, 0.09541963442496253, 0.01957332802214692], [0.3052521606538482, 0.00015558563089408892, 0.003815986553341691]], [[0.07595100209981731, 0.10917516219274873, 0.05563337643432294], [0.11153395129185788, 0.05217743981335593, 0.05743051203257947], [0.09818018849381005, 0.0019135088628401628, 0.14324404493422654], [0.038310178106180356, 0.1641699038122401, 0.07347581571136781], [0.1339952966595751, 0.05657435147757036, 0.056788262545256506], [0.06132295155337321, 0.06018992606138048, 0.12708869018609925], [0.05412859131251743, 0.1425729657015233, 0.06059795577748186], [0.13948383318382732, 0.02136494001459088, 0.07596043908325709], [0.03981031272908434, 0.10476287501148733, 0.12148532579477547], [0.12450430739527174, 0.13973797361148474, 0.00037739240467531246], [0.1179755390852112, 0.049641366665737915, 0.07421166917112047], [0.004803848089474164, 0.09771958677503995, 0.15370651592483733]], [[0.4246003109264821, 0.009829902468816008], [0.3323998887420077, 0.15018321846699353], [0.197010810696698, 0.324779608518021], [0.04598898963481216, 0.5152072705461695]]], "R": [2, 3, 3, 2], "erro": 0.11489700943332123, "C": [[[0, 0, 0, 0], 9883.612935664647], [[0, 0, 0, 1], 20540.812123976819], [[0, 0, 1, 0], 15275.49383035002], [[0, 0, 1, 1], 5390.7365302998824], [[0, 0, 2, 0], 14796.098159715544], [[0, 0, 2, 1], 17200.71297724147], [[0, 1, 0, 0], 0.0], [[0, 1, 0, 1], 7464.4793508543553], [[0, 1, 1, 0], 0.0], [[0, 1, 1, 1], 0.0], [[0, 1, 2, 0], 0.0], [[0, 1, 2, 1], 0.0], [[0, 2, 0, 0], 0.0], [[0, 2, 0, 1], 0.0], [[0, 2, 1, 0], 0.0], [[0, 2, 1, 1], 0.0], [[0, 2, 2, 0], 0.0], [[0, 2, 2, 1], 0.0], [[1, 0, 0, 0], 8168.9262941412862], [[1, 0, 0, 1], 14450.920913830185], [[1, 0, 1, 0], 16191.681649885199], [[1, 0, 1, 1], 0.0], [[1, 0, 2, 0], 11091.282449777851], [[1, 0, 2, 1], 18435.115105854289], [[1, 1, 0, 0], 17442.661596303536], [[1, 1, 0, 1], 36796.489647115501], [[1, 1, 1, 0], 0.0], [[1, 1, 1, 1], 15341.139628485154], [[1, 1, 2, 0], 39493.700368409365], [[1, 1, 2, 1], 0.0], [[1, 2, 0, 0], 52137.652366100301], [[1, 2, 0, 1], 19546.089596569647], [[1, 2, 1, 0], 35953.090964941992], [[1, 2, 1, 1], 37818.826365393797], [[1, 2, 2, 0], 12696.800476236298], [[1, 2, 2, 1], 39777.256703929481]]}, "order": 4, "modesDimensionName": [["madrugada", "manha", "tarde", "noite"], ["segunda", "terca", "quarta", "quinta", "sexta", "sabado", "domingo"], ["Janeiro", "Fevereiro", "Marco", "Abril", "Maio", "Junho", "Julho", "Agosto", "Setembro", "Outubro", "Novembro", "Dezembro"], ["2000", "2001", "2002", "2003"]]}}