{"tensor": {"modesName": ["Periodo", "Dia da semana", "M\u00eas", "Ano"], "shape": [4, 7, 12, 4], "decomposition": {"uniquePaths": [[0, 0, 1, 1], [0, 0, 1, 2], [1, 1, 3, 1], [1, 1, 0, 1], [1, 1, 3, 0], [1, 1, 4, 2], [1, 3, 3, 0], [0, 0, 2, 1], [0, 0, 4, 0], [1, 3, 4, 2], [1, 1, 1, 2], [0, 0, 2, 0], [1, 2, 2, 2], [1, 2, 4, 0], [0, 0, 2, 2], [1, 3, 2, 2], [0, 0, 3, 2], [1, 1, 0, 0], [1, 3, 1, 1], [0, 0, 0, 2], [0, 0, 4, 2], [0, 0, 3, 0], [1, 2, 0, 2], [0, 0, 0, 1], [0, 0, 3, 1], [0, 0, 0, 0], [0, 2, 1, 2], [1, 1, 0, 2], [0, 1, 1, 0], [1, 2, 1, 0], [1, 2, 2, 1], [1, 3, 0, 1], [0, 0, 1, 0]], "B": [[[0.2425853135733671, 0.003818104655610462], [0.13102955104403757, 0.2548443668723776], [0.15869228504470115, 0.4135526241700273], [0.46769285033789426, 0.3277849043019846]], [[0.026193057859645447, 0.09575793610137881, 0.14393489467800066, 0.4463824053806346], [0.030247967760588697, 0.07031916379388219, 0.248082026072592, 0.3103849400214249], [0.032788717129180384, 0.18004958571246463, 0.2688249199089652, 0.08653410405783822], [0.05471037443774404, 0.26034387694352834, 0.19924669200617962, 0.011320546549699731], [0.09235090392295708, 0.3092042437813208, 0.10847529638900642, 0.12484415060523428], [0.36517568585421933, 0.08432518585836875, 0.022970498836845432, 0.01607531023808777], [0.3985332930356651, 7.809056476215826e-09, 0.008465672108410717, 0.004458543147080553]], [[0.11241357422555037, 0.0004863101428986861, 0.04487968160597516, 0.21962922239821345, 0.00025528860038287596], [0.08759618782162933, 0.06617264569247021, 0.09610667486820204, 0.0991950199966673, 0.02829310907851079], [0.24333989678374326, 0.015838116623327764, 0.11014043450467584, 0.03957931243066744, 0.015614100875574022], [0.007572829995116467, 0.03379184911668725, 0.06759860182754891, 0.021879815269902476, 0.36467035923036134], [0.04382918297144785, 0.1152912407500571, 0.17076923747351053, 0.07356213759226557, 0.016235542519205386], [0.09612713631545088, 0.16454562923872665, 5.8800421789111206e-05, 0.08463409064495277, 0.060002538104990386], [0.0005362654378387771, 0.11693598451749916, 0.00473164366809662, 0.12416567266327602, 0.18481924130654917], [0.07541493614711765, 0.14139480077166974, 0.18433492796012454, 2.65425727081506e-12, 2.1775920434917324e-06], [0.0753786768511396, 0.14925950756833212, 0.044455076543439866, 0.07354319354056733, 0.07428295891759859], [6.008841689536267e-07, 0.07813902289492002, 0.12218044565212746, 0.20591966625075958, 0.012546136235060281], [0.13626058150500145, 1.527619934263879e-05, 0.15474353239247907, 0.04384353210531569, 0.08433626815183304], [0.1215301310617954, 0.11812961648406865, 9.43082030716538e-07, 0.014048337104758092, 0.1589422793878905]], [[0.758613559149937, 1.38122024453009e-05, 0.00012056350857303399], [0.21878629397612495, 0.0005437783234977392, 0.45083507949804325], [2.58320437056878e-09, 0.12681477483364204, 0.5485734988049017], [0.02260014429073364, 0.8726276346404149, 0.00047085818848196246]]], "R": [2, 4, 5, 3], "erro": 0.098004687430330154, "C": [[[0, 0, 0, 0], 4933.5024417731474], [[0, 0, 0, 1], 8530.288498408634], [[0, 0, 0, 2], 12048.331295682807], [[0, 0, 1, 0], 6703.851050118541], [[0, 0, 1, 1], 7296.4910529661393], [[0, 0, 1, 2], 10801.480803635208], [[0, 0, 2, 0], 4996.5424616125665], [[0, 0, 2, 1], 9375.8791977458895], [[0, 0, 2, 2], 6430.0936229877934], [[0, 0, 3, 0], 7364.8990757180291], [[0, 0, 3, 1], 5170.3661943026173], [[0, 0, 3, 2], 6287.7284769051303], [[0, 0, 4, 0], 5802.3376883835872], [[0, 0, 4, 1], 0.0], [[0, 0, 4, 2], 7361.7123116229322], [[0, 1, 0, 0], 0.0], [[0, 1, 0, 1], 0.0], [[0, 1, 0, 2], 0.0], [[0, 1, 1, 0], 9962.3959207724092], [[0, 1, 1, 1], 6314.8422566605814], [[0, 1, 1, 2], 0.0], [[0, 1, 2, 0], 0.0], [[0, 1, 2, 1], 9661.7169880348538], [[0, 1, 2, 2], 10336.102960578261], [[0, 1, 3, 0], 0.0], [[0, 1, 3, 1], 0.0], [[0, 1, 3, 2], 0.0], [[0, 1, 4, 0], 0.0], [[0, 1, 4, 1], 0.0], [[0, 1, 4, 2], 0.0], [[0, 2, 0, 0], 0.0], [[0, 2, 0, 1], 0.0], [[0, 2, 0, 2], 0.0], [[0, 2, 1, 0], 0.0], [[0, 2, 1, 1], 0.0], [[0, 2, 1, 2], 7324.383767500487], [[0, 2, 2, 0], 7973.7472900982057], [[0, 2, 2, 1], 0.0], [[0, 2, 2, 2], 0.0], [[0, 2, 3, 0], 0.0], [[0, 2, 3, 1], 6170.4388573502029], [[0, 2, 3, 2], 5939.0644286499964], [[0, 2, 4, 0], 0.0], [[0, 2, 4, 1], 5331.4687093763496], [[0, 2, 4, 2], 0.0], [[0, 3, 0, 0], 0.0], [[0, 3, 0, 1], 0.0], [[0, 3, 0, 2], 0.0], [[0, 3, 1, 0], 0.0], [[0, 3, 1, 1], 0.0], [[0, 3, 1, 2], 0.0], [[0, 3, 2, 0], 0.0], [[0, 3, 2, 1], 0.0], [[0, 3, 2, 2], 0.0], [[0, 3, 3, 0], 0.0], [[0, 3, 3, 1], 0.0], [[0, 3, 3, 2], 0.0], [[0, 3, 4, 0], 0.0], [[0, 3, 4, 1], 0.0], [[0, 3, 4, 2], 0.0], [[1, 0, 0, 0], 0.0], [[1, 0, 0, 1], 0.0], [[1, 0, 0, 2], 0.0], [[1, 0, 1, 0], 0.0], [[1, 0, 1, 1], 0.0], [[1, 0, 1, 2], 0.0], [[1, 0, 2, 0], 0.0], [[1, 0, 2, 1], 0.0], [[1, 0, 2, 2], 0.0], [[1, 0, 3, 0], 0.0], [[1, 0, 3, 1], 0.0], [[1, 0, 3, 2], 0.0], [[1, 0, 4, 0], 0.0], [[1, 0, 4, 1], 0.0], [[1, 0, 4, 2], 0.0], [[1, 1, 0, 0], 17259.100048660071], [[1, 1, 0, 1], 5592.7811355800486], [[1, 1, 0, 2], 10494.066090301019], [[1, 1, 1, 0], 0.0], [[1, 1, 1, 1], 6653.0138633596589], [[1, 1, 1, 2], 13208.723299821137], [[1, 1, 2, 0], 0.0], [[1, 1, 2, 1], 9245.5876073936088], [[1, 1, 2, 2], 11108.875229107169], [[1, 1, 3, 0], 7607.2306601045375], [[1, 1, 3, 1], 9289.3080666462374], [[1, 1, 3, 2], 0.0], [[1, 1, 4, 0], 0.0], [[1, 1, 4, 1], 0.0], [[1, 1, 4, 2], 6371.3576546932354], [[1, 2, 0, 0], 0.0], [[1, 2, 0, 1], 0.0], [[1, 2, 0, 2], 5006.240221944332], [[1, 2, 1, 0], 5412.0181197312641], [[1, 2, 1, 1], 0.0], [[1, 2, 1, 2], 0.0], [[1, 2, 2, 0], 12941.317101175549], [[1, 2, 2, 1], 6146.7103322293497], [[1, 2, 2, 2], 5221.8508267864981], [[1, 2, 3, 0], 0.0], [[1, 2, 3, 1], 5779.4062794449483], [[1, 2, 3, 2], 21271.021764263343], [[1, 2, 4, 0], 5003.7187191313124], [[1, 2, 4, 1], 11722.870021887386], [[1, 2, 4, 2], 0.0], [[1, 3, 0, 0], 0.0], [[1, 3, 0, 1], 5840.1768595345229], [[1, 3, 0, 2], 0.0], [[1, 3, 1, 0], 0.0], [[1, 3, 1, 1], 9569.0848264079123], [[1, 3, 1, 2], 0.0], [[1, 3, 2, 0], 0.0], [[1, 3, 2, 1], 0.0], [[1, 3, 2, 2], 5096.9805050816585], [[1, 3, 3, 0], 8284.1593214078257], [[1, 3, 3, 1], 0.0], [[1, 3, 3, 2], 0.0], [[1, 3, 4, 0], 0.0], [[1, 3, 4, 1], 0.0], [[1, 3, 4, 2], 7500.7713068199837]]}, "order": 4, "modesDimensionName": [["madrugada", "manha", "tarde", "noite"], ["segunda", "terca", "quarta", "quinta", "sexta", "sabado", "domingo"], ["Janeiro", "Fevereiro", "Marco", "Abril", "Maio", "Junho", "Julho", "Agosto", "Setembro", "Outubro", "Novembro", "Dezembro"], ["2000", "2001", "2002", "2003"]]}}